strike,bid,ask,lastPrice,volume,impliedVolatility,expiry,dte,mid,computed_iv,iv_diff
640.0,52.62,55.41,54.37,280.0,0.6304968591308593,2026-01-12,1,54.015,,
645.0,47.64,50.42,49.88,214.0,0.5847209497070311,2026-01-12,1,49.03,,
650.0,42.64,45.38,44.52,23.0,0.5334519311523438,2026-01-12,1,44.010000000000005,,
664.0,28.65,31.43,30.64,27.0,0.40320421020507813,2026-01-12,1,30.04,,
665.0,27.64,30.43,29.05,11.0,0.39331661376953125,2026-01-12,1,29.035,,
670.0,22.68,25.43,24.89,15.0,0.34326828613281246,2026-01-12,1,24.055,,
675.0,18.89,19.12,19.33,664.0,0.14258669921875,2026-01-12,1,19.005000000000003,,
677.0,15.69,18.38,17.12,16.0,0.26709717285156254,2026-01-12,1,17.035,,
679.0,13.69,16.39,15.08,50.0,0.24634542724609376,2026-01-12,1,15.04,,
680.0,13.9,14.14,14.5,202.0,0.1157314990234375,2026-01-12,1,14.02,,
681.0,12.91,13.15,14.07,74.0,0.11133701171874999,2026-01-12,1,13.030000000000001,,
682.0,11.92,12.15,13.0,44.0,0.10401286621093749,2026-01-12,1,12.035,,
683.0,10.93,11.16,11.1,119.0,0.09888596435546876,2026-01-12,1,11.045,,
684.0,9.95,10.19,10.08,182.0,0.09668872070312501,2026-01-12,1,10.07,,
685.0,8.97,9.21,9.09,970.0,0.09180595703125,2026-01-12,1,9.09,,
686.0,7.99,8.23,8.11,476.0,0.08619077880859377,2026-01-12,1,8.11,,
687.0,7.03,7.27,7.17,1210.0,0.08216249877929688,2026-01-12,1,7.15,0.0688971450751086,-0.01326535370418827
688.0,6.18,6.32,6.22,1693.0,0.07789008056640626,2026-01-12,1,6.25,0.10915585615842038,0.03126577559201413
689.0,5.17,5.36,5.24,5150.0,0.07154248779296876,2026-01-12,1,5.265000000000001,0.09805523464253615,0.026512746849567392
690.0,4.32,4.4,4.32,28125.0,0.06421834228515624,2026-01-12,1,4.36,0.09785326707534148,0.03363492479018523
691.0,3.41,3.52,3.44,34980.0,0.060434200439453134,2026-01-12,1,3.465,0.09280246695828427,0.03236826651883114
692.0,2.63,2.69,2.64,48588.0,0.056711093139648436,2026-01-12,1,2.66,0.09091205440232329,0.034200961262674856
693.0,1.89,1.95,1.89,69752.0,0.053720400390625006,2026-01-12,1,1.92,0.08722307585567711,0.033502675465052104
694.0,1.28,1.3,1.29,88310.0,0.05036350036621094,2026-01-12,1,1.29,0.08376401298920455,0.03340051262299361
695.0,0.79,0.81,0.8,95602.0,0.04853246398925781,2026-01-12,1,0.8,0.0811394709181345,0.03260700692887669
696.0,0.46,0.47,0.46,48433.0,0.047494876708984377,2026-01-12,1,0.46499999999999997,0.08017887581586691,0.032683999106882536
697.0,0.25,0.26,0.25,33220.0,0.047494876708984377,2026-01-12,1,0.255,0.08026300872462389,0.03276813201563951
698.0,0.12,0.13,0.12,31972.0,0.04712866943359375,2026-01-12,1,0.125,0.07969575518946598,0.03256708575587223
699.0,0.06,0.07,0.05,19653.0,0.04859349853515625,2026-01-12,1,0.065,0.08177209066875181,0.03317859213359556
700.0,0.03,0.04,0.04,49673.0,0.0507907421875,2026-01-12,1,0.035,0.0847954689416505,0.034004726754150505
701.0,0.02,0.03,0.02,11478.0,0.054696953125,2026-01-12,1,0.025,0.09164345366108526,0.03694650053608525
702.0,0.01,0.02,0.02,7662.0,0.05762661132812501,2026-01-12,1,0.015,0.09568779506609348,0.038061183737968476
703.0,0.01,0.02,0.02,4480.0,0.06446248046875,2026-01-12,1,0.015,0.10610311870816662,0.04164063823941662
704.0,0.01,0.02,0.02,1435.0,0.07032179687500001,2026-01-12,1,0.015,0.11638278158128762,0.04606098470628761
705.0,0.01,0.02,0.01,2862.0,0.07618111328125002,2026-01-12,1,0.015,0.12654221553787715,0.05036110225662713
706.0,0.01,0.02,0.01,3078.0,0.08204042968750001,2026-01-12,1,0.015,0.13659367723596652,0.05455324754846651
707.0,0.01,0.02,0.02,1081.0,0.08789974609375001,2026-01-12,1,0.015,0.14654711846028728,0.058647372366537276
672.0,20.77,23.52,19.66,13.0,0.28528546752929684,2026-01-13,2,22.145,,
678.0,16.01,16.29,16.71,194.0,0.13794807373046875,2026-01-13,2,16.15,,
680.0,14.02,14.36,14.62,49.0,0.13196668823242189,2026-01-13,2,14.19,,
681.0,13.06,13.38,14.34,11.0,0.12659564819335936,2026-01-13,2,13.22,,
683.0,11.12,11.44,11.68,127.0,0.1167080517578125,2026-01-13,2,11.28,0.11233036247006258,-0.004377689287749925
684.0,10.18,10.42,10.94,159.0,0.10718666259765625,2026-01-13,2,10.3,0.10950757289090006,0.0023209102932438136
685.0,9.23,9.49,10.38,280.0,0.1043790734863281,2026-01-13,2,9.36,0.1128918245218603,0.008512751035532201
686.0,8.29,8.57,9.49,59.0,0.10132734619140624,2026-01-13,2,8.43,0.11343431374164954,0.012106967550243306
687.0,7.37,7.63,7.59,218.0,0.09607837524414065,2026-01-13,2,7.5,0.11100490057188044,0.01492652532773979
688.0,6.48,6.75,7.29,208.0,0.09333182067871094,2026-01-13,2,6.615,0.11062233540878595,0.017290514730075007
689.0,5.61,5.88,5.76,1435.0,0.08979181701660156,2026-01-13,2,5.745,0.10855964950047538,0.018767832483873814
690.0,4.85,5.03,4.89,2953.0,0.08582457153320314,2026-01-13,2,4.9399999999999995,0.10828906800402607,0.022464496470822937
691.0,4.04,4.24,4.1,6605.0,0.08289491333007815,2026-01-13,2,4.140000000000001,0.10522918382000414,0.022334270489925992
692.0,3.33,3.49,3.45,4777.0,0.07972111694335937,2026-01-13,2,3.41,0.10318504234049304,0.02346392539713367
693.0,2.65,2.81,2.69,6617.0,0.07715766601562501,2026-01-13,2,2.73,0.1004831257214509,0.02332545970582589
694.0,2.09,2.12,2.13,8931.0,0.07190869506835937,2026-01-13,2,2.105,0.09703755093998838,0.02512885587162901
695.0,1.56,1.59,1.56,7900.0,0.06965041687011721,2026-01-13,2,1.5750000000000002,0.0944118905086333,0.024761473638516093
696.0,1.12,1.14,1.12,4881.0,0.06733110412597658,2026-01-13,2,1.13,0.09182856295817944,0.024497458832202862
697.0,0.77,0.79,0.76,3538.0,0.06568317138671875,2026-01-13,2,0.78,0.08976610614145095,0.024082934754732194
698.0,0.51,0.52,0.5,6369.0,0.0639742041015625,2026-01-13,2,0.515,0.08798867743132684,0.024014473329764335
699.0,0.32,0.33,0.32,8184.0,0.06287558227539064,2026-01-13,2,0.325,0.08651926158737279,0.02364367931198215
700.0,0.19,0.2,0.19,6929.0,0.06189902954101563,2026-01-13,2,0.195,0.0852261951132218,0.023327165572206168
701.0,0.1,0.11,0.11,2772.0,0.060434200439453134,2026-01-13,2,0.10500000000000001,0.0830976590698676,0.022663458630414468
702.0,0.05,0.06,0.06,4528.0,0.05982385498046875,2026-01-13,2,0.055,0.08187024221909664,0.02204638723862789
703.0,0.03,0.04,0.04,3386.0,0.06153282226562501,2026-01-13,2,0.035,0.08399387871692846,0.022461056451303446
704.0,0.02,0.03,0.02,4363.0,0.06446248046875,2026-01-13,2,0.025,0.08754052797727115,0.023078047508521146
705.0,0.01,0.02,0.01,8013.0,0.06641558593750001,2026-01-13,2,0.015,0.0889030732037061,0.0224874872662061
706.0,0.01,0.02,0.02,24.0,0.071298349609375,2026-01-13,2,0.015,0.0960155924006985,0.024717242791323493
707.0,0.01,0.02,0.02,1386.0,0.07618111328125002,2026-01-13,2,0.015,0.10305829865273039,0.026877185371480372
708.0,0.01,0.02,0.02,598.0,0.081063876953125,2026-01-13,2,0.015,0.11003709515861779,0.028973218205492784
709.0,0.01,0.02,0.01,12.0,0.08594664062500001,2026-01-13,2,0.015,0.11695693309024686,0.03101029246524685
710.0,0.01,0.02,0.02,38.0,0.09180595703125,2026-01-13,2,0.015,0.12382202050386427,0.03201606347261428
711.0,0.01,0.02,0.02,461.0,0.09668872070312501,2026-01-13,2,0.015,0.13063597497574322,0.033947254272618216
712.0,0.01,0.02,0.01,1346.0,0.10157148437499999,2026-01-13,2,0.015,0.13740193758913521,0.03583045321413522
713.0,0.01,0.02,0.01,1091.0,0.106454248046875,2026-01-13,2,0.015,0.14412265969306023,0.03766841164618523
715.0,0.01,0.02,0.01,710.0,0.11524322265625,2026-01-13,2,0.015,0.1574378275634624,0.042194604907212385
716.0,0.01,0.02,0.01,266.0,0.1211025390625,2026-01-13,2,0.015,0.16403636327088422,0.04293382420838422
717.0,0.01,0.02,0.01,1691.0,0.12500875,2026-01-13,2,0.015,0.17059791411936517,0.04558916411936517
718.0,0.01,0.02,0.01,1001.0,0.13086806640624998,2026-01-13,2,0.015,0.17712405048360322,0.046255984077353235
673.0,19.9,22.65,19.73,63.0,0.2541578491210938,2026-01-14,3,21.275,,
674.0,18.92,21.61,18.57,50.0,0.24378197631835938,2026-01-14,3,20.265,,
675.0,17.93,19.58,19.68,60.0,0.17090672851562502,2026-01-14,3,18.755,,
677.0,15.98,18.67,14.56,26.0,0.22168747070312497,2026-01-14,3,17.325000000000003,0.11828577821726852,-0.10340169248585646
680.0,14.26,14.55,14.79,57.0,0.13355358642578125,2026-01-14,3,14.405000000000001,0.12518383590918047,-0.008369750516600771
681.0,13.3,13.65,13.52,26.0,0.1333094482421875,2026-01-14,3,13.475000000000001,0.1301841794600137,-0.0031252687821737846
683.0,11.41,11.72,12.11,27.0,0.12244529907226565,2026-01-14,3,11.565000000000001,0.12549541301603392,0.003050113943768279
684.0,10.49,10.79,10.72,40.0,0.11853908813476563,2026-01-14,3,10.64,0.1245083407630661,0.005969252628300475
685.0,9.58,9.86,10.33,253.0,0.11408356628417969,2026-01-14,3,9.719999999999999,0.12241298709180083,0.00832942080762114
686.0,8.7,8.98,8.86,195.0,0.11145908081054687,2026-01-14,3,8.84,0.12193538809012992,0.010476307279583055
687.0,7.81,8.11,8.96,106.0,0.10834631896972656,2026-01-14,3,7.959999999999999,0.11970569148092432,0.011359372511197757
688.0,7.04,7.25,7.18,956.0,0.10486734985351562,2026-01-14,3,7.145,0.11977187185040232,0.014904521996886702
689.0,6.22,6.41,6.37,1339.0,0.10120527709960936,2026-01-14,3,6.3149999999999995,0.11710679190282296,0.0159015148032136
690.0,5.45,5.62,5.5,2526.0,0.09839768798828125,2026-01-14,3,5.535,0.11527414856902077,0.016876460580739522
691.0,4.7,4.87,4.82,1737.0,0.09571216796875001,2026-01-14,3,4.785,0.11298397360899502,0.01727180564024501
692.0,4.0,4.16,4.1,2813.0,0.09308768249511719,2026-01-14,3,4.08,0.11073433968557948,0.017646657190462295
693.0,3.39,3.51,3.4,5954.0,0.09089043884277344,2026-01-14,3,3.45,0.1095262385534531,0.018635799710679662
694.0,2.8,2.82,2.77,3314.0,0.08594664062500001,2026-01-14,3,2.8099999999999996,0.10571652912141373,0.019769888496413715
695.0,2.25,2.28,2.25,7245.0,0.08387146606445314,2026-01-14,3,2.2649999999999997,0.10337158803219564,0.019500121967742493
696.0,1.77,1.79,1.79,3000.0,0.08143008422851564,2026-01-14,3,1.78,0.10092004651603385,0.019489962287518217
697.0,1.36,1.38,1.37,2770.0,0.07959904785156251,2026-01-14,3,1.37,0.09889553576835111,0.019296487916788604
698.0,1.01,1.03,1.02,3073.0,0.07764594238281251,2026-01-14,3,1.02,0.09666180676734172,0.019015864384529207
699.0,0.72,0.74,0.73,1819.0,0.07557076782226566,2026-01-14,3,0.73,0.09423526790005492,0.01866450007778926
700.0,0.5,0.51,0.5,5817.0,0.07349559326171876,2026-01-14,3,0.505,0.09206008560099799,0.01856449233927923
701.0,0.33,0.34,0.35,2274.0,0.0717866259765625,2026-01-14,3,0.335,0.089956767599482,0.018170141622919495
702.0,0.21,0.22,0.21,1175.0,0.07032179687500001,2026-01-14,3,0.215,0.088219954674381,0.01789815779938099
703.0,0.13,0.14,0.13,1581.0,0.06934524414062501,2026-01-14,3,0.135,0.08699690751875465,0.017651663378129637
704.0,0.07,0.08,0.08,3017.0,0.06763627685546877,2026-01-14,3,0.07500000000000001,0.08457939091609337,0.016943114060624598
705.0,0.04,0.05,0.04,1905.0,0.06739213867187502,2026-01-14,3,0.045,0.08417320710586854,0.016781068433993518
706.0,0.03,0.04,0.04,647.0,0.07032179687500001,2026-01-14,3,0.035,0.08735301065630759,0.017031213781307578
707.0,0.02,0.03,0.02,2293.0,0.07227490234375,2026-01-14,3,0.025,0.08935396336896906,0.017079061025219056
708.0,0.02,0.03,0.02,571.0,0.07715766601562501,2026-01-14,3,0.025,0.09535463908482926,0.018196973069204245
709.0,0.02,0.03,0.03,109.0,0.08155215332031251,2026-01-14,3,0.025,0.10130115478627354,0.019749001465961022
710.0,0.01,0.02,0.02,189.0,0.08204042968750001,2026-01-14,3,0.015,0.10064709051965821,0.0186066608321582
711.0,0.01,0.02,0.02,84.0,0.08594664062500001,2026-01-14,3,0.015,0.10621331408084014,0.02026667345584013
713.0,0.01,0.02,0.01,103.0,0.09473561523437501,2026-01-14,3,0.015,0.11722991502232827,0.022494299787953254
715.0,0.01,0.02,0.02,11.0,0.10352458984374999,2026-01-14,3,0.015,0.12810589089111152,0.02458130104736153
716.0,0.01,0.02,0.01,502.0,0.10743080078125,2026-01-14,3,0.015,0.1334954864642307,0.026064685682980704
725.0,0.01,0.02,0.01,194.0,0.145516357421875,2026-01-14,3,0.015,0.18077179245318034,0.03525543503130535
640.0,52.86,55.64,50.93,42.0,0.46362841064453125,2026-01-15,4,54.25,,
680.0,14.49,14.78,15.23,44.0,0.13611703735351563,2026-01-15,4,14.635,0.13039156650253605,-0.005725470850979575
681.0,13.53,13.86,12.86,17.0,0.13343151733398437,2026-01-15,4,13.695,0.12933574166872033,-0.004095775665264034
683.0,11.69,12.0,11.99,16.0,0.12574116455078127,2026-01-15,4,11.844999999999999,0.12653161470125998,0.0007904501504787109
685.0,9.91,10.22,10.22,38.0,0.11969874450683593,2026-01-15,4,10.065000000000001,0.12416974110118385,0.004470996594347923
686.0,9.04,9.35,9.91,27.0,0.11658598266601564,2026-01-15,4,9.195,0.12238807868521448,0.0058020960191988435
687.0,8.26,8.49,8.61,189.0,0.11322908264160156,2026-01-15,4,8.375,0.12196908006758504,0.008739997425983484
688.0,7.38,7.67,7.58,123.0,0.11054356262207031,2026-01-15,4,7.525,0.1188011219440765,0.008257559322006183
689.0,6.68,6.85,7.65,304.0,0.10706459350585937,2026-01-15,4,6.765,0.11841252363200526,0.011347930126145891
690.0,5.91,6.1,6.03,1742.0,0.10492838439941406,2026-01-15,4,6.005,0.11655703093527929,0.011628646535865234
691.0,5.17,5.37,5.31,1111.0,0.10248700256347655,2026-01-15,4,5.27,0.11429294932598008,0.01180594676250353
692.0,4.48,4.66,4.62,2138.0,0.09955734436035156,2026-01-15,4,4.57,0.11189768686015851,0.01234034249980695
693.0,3.85,4.01,4.0,4816.0,0.0971769970703125,2026-01-15,4,3.9299999999999997,0.1101195381073224,0.012942541037009897
694.0,3.3,3.33,3.29,3964.0,0.092782509765625,2026-01-15,4,3.315,0.10758364296632397,0.01480113320069898
695.0,2.75,2.78,2.72,4222.0,0.09070733520507812,2026-01-15,4,2.7649999999999997,0.10557007404547265,0.014862738840394532
696.0,2.25,2.28,2.28,1824.0,0.08863216064453125,2026-01-15,4,2.2649999999999997,0.10345792508744697,0.014825764442915723
697.0,1.81,1.83,1.79,1598.0,0.08643491699218751,2026-01-15,4,1.82,0.10134824550914694,0.014913328516959423
698.0,1.43,1.45,1.45,2957.0,0.08472594970703126,2026-01-15,4,1.44,0.0995879899743439,0.014862040267312637
699.0,1.1,1.12,1.11,1039.0,0.08289491333007815,2026-01-15,4,1.11,0.09763688704326601,0.014741973713187861
700.0,0.82,0.84,0.83,5410.0,0.08094180786132812,2026-01-15,4,0.83,0.09551228370414921,0.01457047584282109
701.0,0.6,0.61,0.6,1417.0,0.07898870239257813,2026-01-15,4,0.605,0.09356375940939197,0.014575057016813844
702.0,0.42,0.43,0.42,1158.0,0.07715766601562501,2026-01-15,4,0.425,0.0914998267572436,0.014342160741618579
703.0,0.28,0.3,0.28,645.0,0.07581490600585938,2026-01-15,4,0.29000000000000004,0.0896545080854708,0.013839602079611421
704.0,0.19,0.2,0.19,765.0,0.07435007690429687,2026-01-15,4,0.195,0.08831512064211729,0.013965043737820412
705.0,0.12,0.13,0.13,1253.0,0.07300731689453124,2026-01-15,4,0.125,0.08677106072848215,0.013763743833950903
706.0,0.08,0.09,0.08,217.0,0.073251455078125,2026-01-15,4,0.08499999999999999,0.08676887780698649,0.013517422728861486
707.0,0.05,0.06,0.05,180.0,0.07300731689453124,2026-01-15,4,0.055,0.08634671175309072,0.013339394858559478
708.0,0.03,0.04,0.04,1142.0,0.073251455078125,2026-01-15,4,0.035,0.08604341822663572,0.012791963148510721
709.0,0.03,0.04,0.03,1287.0,0.07764594238281251,2026-01-15,4,0.035,0.09138216718670471,0.013736224803892194
710.0,0.02,0.03,0.03,168.0,0.07862249511718751,2026-01-15,4,0.025,0.09242301071851991,0.0138005156013324
711.0,0.02,0.03,0.03,213.0,0.08301698242187502,2026-01-15,4,0.025,0.09749147716987558,0.014474494748000555
712.0,0.01,0.02,0.03,340.0,0.08301698242187502,2026-01-15,4,0.015,0.09638163437053608,0.013364651948661058
713.0,0.01,0.02,0.02,352.0,0.08692319335937501,2026-01-15,4,0.015,0.10113790142357001,0.014214708064195003
714.0,0.01,0.02,0.01,73.0,0.090829404296875,2026-01-15,4,0.015,0.10586364403074344,0.015034239733868443
715.0,0.01,0.02,0.02,58.0,0.09473561523437501,2026-01-15,4,0.015,0.11056041661530619,0.015824801380931175
719.0,0.01,0.02,0.02,180.0,0.11036045898437499,2026-01-15,4,0.015,0.12908359410722794,0.018723135122852952
720.0,0.01,0.02,0.02,14.0,0.1132901171875,2026-01-15,4,0.015,0.1336538188688172,0.020363701681317195
210.0,482.7,485.48,483.93,30.0,2.6406283984375003,2026-01-16,5,484.09000000000003,,
220.0,472.69,475.49,456.33,50.0,2.5312536718749996,2026-01-16,5,474.09000000000003,,
225.0,467.7,470.49,451.66,50.0,2.5312536718749996,2026-01-16,5,469.095,,
270.0,422.75,425.53,406.17,25.0,2.3359416601562493,2026-01-16,5,424.14,,
280.0,412.76,415.54,396.17,50.0,2.2734418164062498,2026-01-16,5,414.15,,
290.0,402.77,405.55,384.9,495.0,2.214848212890624,2026-01-16,5,404.15999999999997,,
295.0,397.75,400.56,381.47,50.0,2.16406708984375,2026-01-16,5,399.155,,
320.0,372.78,375.58,374.95,11.0,2.0175830810546875,2026-01-16,5,374.17999999999995,,
330.0,362.78,365.59,361.88,40.0,1.9492190039062502,2026-01-16,5,364.18499999999995,,
335.0,357.79,360.59,348.56,24.0,1.9218753906250001,2026-01-16,5,359.19,,
345.0,347.81,350.6,331.52,25.0,1.8710943945312501,2026-01-16,5,349.20500000000004,,
360.0,332.83,334.48,332.15,75.0,2.000005,2026-01-16,5,333.655,,
380.0,312.84,315.63,297.55,446.0,1.6640641796875002,2026-01-16,5,314.235,,
385.0,307.85,310.63,292.55,990.0,1.6347674511718748,2026-01-16,5,309.24,,
395.0,297.85,300.64,279.89,480.0,1.57422087890625,2026-01-16,5,299.245,,
405.0,287.87,290.65,269.84,625.0,1.5234398828124998,2026-01-16,5,289.26,,
550.0,144.23,144.52,145.46,18.0,0.7587914746093751,2026-01-16,5,144.375,,
560.0,134.27,134.51,135.3,18.0,0.7114286669921875,2026-01-16,5,134.39,0.44295849568505563,-0.2684701713071319
575.0,119.28,119.54,120.27,11.0,0.6401403173828125,2026-01-16,5,119.41,0.5253287569426344,-0.11481156044017815
595.0,99.28,99.55,100.0,58.0,0.5390671093750001,2026-01-16,5,99.41499999999999,0.409099979562405,-0.12996712981259512
600.0,94.31,94.56,94.49,171.0,0.5185595019531251,2026-01-16,5,94.435,0.44023049680868537,-0.07832900514443969
605.0,89.32,89.61,89.3,70.0,0.52539537109375,2026-01-16,5,89.465,0.45235585041611015,-0.07303952067763986
610.0,84.33,84.61,85.25,12.0,0.499028447265625,2026-01-16,5,84.47,0.4299876488431646,-0.06904079842246041
620.0,74.27,74.62,75.36,48.0,0.44727115234375,2026-01-16,5,74.445,0.34713149129590454,-0.10013966104784544
622.0,71.08,73.88,62.2,28.0,0.5598188549804688,2026-01-16,5,72.47999999999999,0.3741197006147417,-0.1856991543657271
624.0,70.32,70.6,68.67,352.0,0.42310147216796873,2026-01-16,5,70.46,0.34544045333118795,-0.07766101883678078
625.0,69.35,69.62,70.78,16.0,0.4206600903320313,2026-01-16,5,69.485,0.36191715343612646,-0.05874293689590482
626.0,68.31,68.62,62.62,17.0,0.41528905029296875,2026-01-16,5,68.465,0.34003513486348186,-0.0752539154294869
630.0,64.3,64.64,65.15,37.0,0.3967345483398438,2026-01-16,5,64.47,0.3237053673435632,-0.07302918099628058
631.0,63.36,63.64,52.65,40.0,0.3913635083007812,2026-01-16,5,63.5,0.3398434869824546,-0.051520021318326614
633.0,60.11,62.9,57.04,40.0,0.49133809448242194,2026-01-16,5,61.504999999999995,0.33207802599868624,-0.1592600684837357
635.0,59.32,59.62,59.91,48.0,0.36743796630859377,2026-01-16,5,59.47,0.29766198930036913,-0.06977597700822463
640.0,54.38,54.62,55.4,133.0,0.34058276611328125,2026-01-16,5,54.5,0.2923128172903968,-0.048269948822884434
644.0,50.39,50.66,44.74,708.0,0.3237372314453124,2026-01-16,5,50.525,0.28327647094508557,-0.040460760500226844
645.0,49.34,49.69,49.89,42.0,0.3215399877929687,2026-01-16,5,49.515,0.2735370552315829,-0.048002932561385825
650.0,44.41,44.69,44.71,215.0,0.29395237304687494,2026-01-16,5,44.55,0.2604652250180094,-0.03348714802886554
651.0,42.16,44.95,33.15,32.0,0.37793590820312495,2026-01-16,5,43.555,0.25667670207983645,-0.1212592061232885
655.0,39.38,39.72,39.92,22.0,0.2690502783203125,2026-01-16,5,39.55,0.2333446600580474,-0.035705618262265065
660.0,34.43,34.75,34.67,278.0,0.24341576904296874,2026-01-16,5,34.59,0.21670552334151005,-0.02671024570145869
665.0,29.45,29.73,29.8,240.0,0.21314263427734376,2026-01-16,5,29.59,0.18862195916971236,-0.024520675107631396
666.0,27.29,30.06,28.19,11.0,0.2823558093261719,2026-01-16,5,28.674999999999997,0.19850379742750138,-0.0838520118986705
668.0,25.3,28.09,22.3,111.0,0.2696606237792969,2026-01-16,5,26.695,0.18955824609926414,-0.08010237768003275
670.0,24.52,24.85,24.83,283.0,0.1920246813964844,2026-01-16,5,24.685000000000002,0.17601981844553816,-0.016004862950946247
672.0,22.58,22.9,23.64,40.0,0.1828694995117187,2026-01-16,5,22.74,0.17093772321213674,-0.011931776299581975
673.0,21.61,21.93,22.4,89.0,0.17847501220703127,2026-01-16,5,21.77,0.16811302743474785,-0.010361984772283422
674.0,20.63,20.95,21.92,108.0,0.1733481103515625,2026-01-16,5,20.79,0.16387320124411486,-0.009474909107447638
675.0,19.7,20.01,20.56,352.0,0.17017431396484378,2026-01-16,5,19.855,0.16378638840770005,-0.0063879255571437366
676.0,18.73,19.06,20.01,244.0,0.1662681030273438,2026-01-16,5,18.895,0.16068340328365704,-0.00558469974368675
677.0,17.77,18.08,18.93,214.0,0.1607749938964844,2026-01-16,5,17.924999999999997,0.15637618764658007,-0.0043988062499043246
678.0,16.81,17.13,17.5,134.0,0.15650257568359377,2026-01-16,5,16.97,0.15296789637205108,-0.0035346793115426933
679.0,15.87,16.28,17.11,232.0,0.15650257568359377,2026-01-16,5,16.075,0.15337568371645016,-0.003126891967143608
680.0,14.97,15.25,15.15,1061.0,0.14820187744140628,2026-01-16,5,15.11,0.14831352870221806,0.00011165126081177923
681.0,14.05,14.33,14.59,277.0,0.14447877014160154,2026-01-16,5,14.190000000000001,0.14573842978581428,0.001259659644212735
682.0,13.13,13.41,13.29,395.0,0.1404504901123047,2026-01-16,5,13.27,0.14257945008909265,0.002128959976787942
683.0,12.24,12.51,12.8,403.0,0.1368494519042969,2026-01-16,5,12.375,0.14018917117065471,0.0033397192663578157
684.0,11.36,11.63,11.71,588.0,0.13355358642578125,2026-01-16,5,11.495000000000001,0.13785318243905176,0.0042995960132705124
685.0,10.5,10.73,10.77,1693.0,0.12915909912109375,2026-01-16,5,10.615,0.13480123187860307,0.005642132757509327
686.0,9.67,9.95,10.2,669.0,0.1283046154785156,2026-01-16,5,9.809999999999999,0.13426128313873759,0.005956667660221987
687.0,8.84,9.12,8.98,382.0,0.12513081909179688,2026-01-16,5,8.98,0.1317216602583398,0.006590841166542932
688.0,8.03,8.33,8.28,2652.0,0.12262840270996095,2026-01-16,5,8.18,0.12949524390639267,0.006866841196431717
689.0,7.32,7.51,7.33,16672.0,0.11856960540771484,2026-01-16,5,7.415,0.12762392678113205,0.009054321373417204
690.0,6.6,6.72,6.65,12066.0,0.1147549462890625,2026-01-16,5,6.66,0.12511984582881522,0.010364899539752712
691.0,5.84,6.0,5.86,7849.0,0.11213046081542967,2026-01-16,5,5.92,0.12213205674389678,0.01000159592846711
692.0,5.17,5.35,5.16,9857.0,0.11060459716796875,2026-01-16,5,5.26,0.12068365267106773,0.010079055503098983
693.0,4.55,4.71,4.59,14904.0,0.10834631896972656,2026-01-16,5,4.63,0.1190102877881022,0.010663968818375641
694.0,3.99,4.01,3.97,14477.0,0.10364665893554686,2026-01-16,5,4.0,0.11612821899135045,0.012481560055803587
695.0,3.42,3.45,3.44,27408.0,0.10157148437499999,2026-01-16,5,3.435,0.11398413543871036,0.012412651063710367
696.0,2.9,2.92,2.9,9169.0,0.0991301025390625,2026-01-16,5,2.91,0.11172599385578054,0.012595891316718039
697.0,2.42,2.44,2.43,9712.0,0.09687182434082033,2026-01-16,5,2.4299999999999997,0.10944491821593878,0.012573093875118457
698.0,1.99,2.01,1.99,5995.0,0.09473561523437501,2026-01-16,5,2.0,0.1072538564494189,0.012518241215043885
699.0,1.61,1.63,1.6,28921.0,0.09266044067382811,2026-01-16,5,1.62,0.10513555284642118,0.012475112172593061
700.0,1.29,1.3,1.29,34761.0,0.09070733520507812,2026-01-16,5,1.295,0.10329490888445228,0.012587573679374159
701.0,1.0,1.02,1.0,19996.0,0.088876298828125,2026-01-16,5,1.01,0.1012212576215914,0.012344958793466393
702.0,0.76,0.78,0.76,5031.0,0.08698422790527345,2026-01-16,5,0.77,0.0991542805155646,0.012170052610291152
703.0,0.57,0.58,0.56,4045.0,0.08497008789062502,2026-01-16,5,0.575,0.09723841687066062,0.012268328980035603
704.0,0.41,0.42,0.41,2822.0,0.08301698242187502,2026-01-16,5,0.415,0.09513036330488717,0.012113380883012143
705.0,0.29,0.3,0.29,28909.0,0.08155215332031251,2026-01-16,5,0.295,0.09341784438153403,0.011865691061221512
706.0,0.2,0.21,0.19,1891.0,0.08008732421875,2026-01-16,5,0.20500000000000002,0.09186880270060523,0.01178147848185522
707.0,0.13,0.14,0.14,2860.0,0.07850042602539065,2026-01-16,5,0.135,0.08992809363546066,0.01142766761007001
708.0,0.09,0.1,0.09,1629.0,0.07837835693359377,2026-01-16,5,0.095,0.08964791546055056,0.011269558526956797
709.0,0.07,0.08,0.06,2015.0,0.07984318603515625,2026-01-16,5,0.07500000000000001,0.09130612091864353,0.011462934883487277
710.0,0.05,0.06,0.05,6129.0,0.0805756005859375,2026-01-16,5,0.055,0.09189927098458536,0.011323670398647859
711.0,0.04,0.05,0.03,811.0,0.08252870605468751,2026-01-16,5,0.045,0.09403025683969077,0.011501550785003256
712.0,0.03,0.04,0.04,857.0,0.08399353515625002,2026-01-16,5,0.035,0.09544058519475647,0.011447050038506448
713.0,0.02,0.03,0.03,281.0,0.08448181152343752,2026-01-16,5,0.025,0.0958026611822373,0.011320849658799786
714.0,0.02,0.03,0.02,198.0,0.08789974609375001,2026-01-16,5,0.025,0.10024142086878561,0.012341674775035602
715.0,0.02,0.03,0.02,1983.0,0.09180595703125,2026-01-16,5,0.025,0.1046513343977872,0.012845377366537208
716.0,0.02,0.03,0.02,366.0,0.09571216796875001,2026-01-16,5,0.025,0.10903382512659003,0.01332165715784002
717.0,0.02,0.03,0.02,32.0,0.09961837890625,2026-01-16,5,0.025,0.11339017072968083,0.013771791823430829
718.0,0.02,0.03,0.02,1412.0,0.10352458984374999,2026-01-16,5,0.025,0.117721524149827,0.01419693430607702
719.0,0.02,0.03,0.02,12.0,0.1069425244140625,2026-01-16,5,0.025,0.12202893076549198,0.01508640635142948
720.0,0.02,0.03,0.02,1928.0,0.11036045898437499,2026-01-16,5,0.025,0.12631334258499527,0.015952883600620277
721.0,0.01,0.02,0.01,4370.0,0.10938390625,2026-01-16,5,0.015,0.12327692785201419,0.013893021602014194
722.0,0.01,0.02,0.02,367.0,0.11231356445312499,2026-01-16,5,0.015,0.12732640873550796,0.015012844282382976
725.0,0.01,0.02,0.02,4982.0,0.12305564453125001,2026-01-16,5,0.015,0.13936484306237587,0.016309198531125862
730.0,0.01,0.02,0.02,88.0,0.14063359375,2026-01-16,5,0.015,0.15909357479921293,0.018459981049212926
735.0,0.01,0.02,0.01,25.0,0.1562584375,2026-01-16,5,0.015,0.1784481432584914,0.022189705758491385
740.0,0.01,0.02,0.01,53.0,0.17383638671875,2026-01-16,5,0.015,0.19746830370657018,0.023631916987820162
745.0,0.01,0.02,0.01,48.0,0.18946123046875002,2026-01-16,5,0.015,0.21618465121337369,0.026723420744623666
750.0,0.01,0.02,0.02,110.0,0.20508607421874997,2026-01-16,5,0.015,0.2346215112105677,0.029535436991817737
680.0,15.29,15.68,15.47,16.0,0.13227186096191407,2026-01-20,9,15.485,0.11535521600942195,-0.01691664495249212
685.0,10.99,11.24,12.23,655.0,0.11658598266601564,2026-01-20,9,11.115,0.1087732780739207,-0.007812704592094932
690.0,7.15,7.28,7.08,1836.0,0.10395183166503905,2026-01-20,9,7.215,0.10201858203106909,-0.0019332496339699579
695.0,3.94,3.97,3.94,2002.0,0.09186699157714844,2026-01-20,9,3.955,0.09340607881932128,0.0015390872421728458
700.0,1.7,1.72,1.7,3769.0,0.08295594787597659,2026-01-20,9,1.71,0.08601661996469367,0.0030606720887170896
705.0,0.51,0.52,0.51,404.0,0.07538766418457034,2026-01-20,9,0.515,0.07921203648175891,0.003824372297188572
710.0,0.11,0.12,0.1,323.0,0.07203076416015625,2026-01-20,9,0.11499999999999999,0.07599866495571551,0.003967900795559268
715.0,0.04,0.05,0.04,30.0,0.07862249511718751,2026-01-20,9,0.045,0.08305950466998689,0.004437009552799381
735.0,0.02,0.03,0.04,30.0,0.13086806640624998,2026-01-20,9,0.025,0.1393328628197688,0.008464796413518827
635.0,58.66,61.45,55.01,22.0,0.36286037536621096,2026-01-23,12,60.055,0.22192607048869417,-0.1409343048775168
650.0,43.78,46.57,44.9,11.0,0.29560030578613283,2026-01-23,12,45.175,0.18811919311571138,-0.10748111267042146
660.0,35.12,35.52,36.29,30.0,0.208442974243164,2026-01-23,12,35.32,0.16502170542472006,-0.04342126881844394
670.0,25.47,25.89,25.46,18.0,0.17432466308593753,2026-01-23,12,25.68,0.14644079924412276,-0.027883863841814766
675.0,20.78,21.22,21.63,187.0,0.15863878479003907,2026-01-23,12,21.0,0.1372206145924137,-0.021418170197625375
678.0,18.1,18.5,19.12,73.0,0.14984981018066407,2026-01-23,12,18.3,0.13286798222244806,-0.01698182795821601
679.0,17.22,17.62,17.9,15.0,0.1472863592529297,2026-01-23,12,17.42,0.13147335501297133,-0.015813004239958378
680.0,16.31,16.71,16.9,622.0,0.1437768728637695,2026-01-23,12,16.509999999999998,0.128816937562731,-0.014959935301038507
682.0,14.71,14.92,15.25,30.0,0.13697152099609378,2026-01-23,12,14.815000000000001,0.1263794465901364,-0.010592074405957386
683.0,13.84,14.08,15.02,52.0,0.13453013916015627,2026-01-23,12,13.96,0.12440417429293302,-0.010125964867223253
684.0,13.03,13.22,13.98,197.0,0.1313563427734375,2026-01-23,12,13.125,0.12262106565567053,-0.008735277117766962
685.0,12.22,12.4,12.42,533.0,0.12885392639160154,2026-01-23,12,12.31,0.12097970180545864,-0.007874224586142897
686.0,11.4,11.61,11.87,118.0,0.1266566827392578,2026-01-23,12,11.504999999999999,0.11919497131064459,-0.007461711428613196
687.0,10.61,10.8,11.59,22.0,0.12372702453613281,2026-01-23,12,10.705,0.11713618368742049,-0.006590840848712323
688.0,9.82,10.06,10.26,526.0,0.1219265054321289,2026-01-23,12,9.940000000000001,0.11547472973102829,-0.006451775701100615
689.0,9.06,9.32,9.25,971.0,0.11975977905273436,2026-01-23,12,9.190000000000001,0.1137063481496223,-0.006053430903112056
690.0,8.35,8.5,8.41,1941.0,0.11567046447753906,2026-01-23,12,8.425,0.1111689807963204,-0.004501483681218665
691.0,7.66,7.83,8.14,1296.0,0.11408356628417969,2026-01-23,12,7.745,0.1099665679127861,-0.004116998371393593
692.0,6.98,7.19,7.2,712.0,0.11261873718261718,2026-01-23,12,7.085000000000001,0.10865524357374032,-0.003963493608876864
693.0,6.35,6.53,6.45,1143.0,0.11032994171142577,2026-01-23,12,6.4399999999999995,0.10711318033841467,-0.0032167613730110928
694.0,5.79,5.82,5.85,3344.0,0.10666786895751953,2026-01-23,12,5.805,0.10522091294537475,-0.0014469560121447844
695.0,5.2,5.23,5.21,3823.0,0.10471476348876951,2026-01-23,12,5.215,0.10365156384732847,-0.00106319964144104
696.0,4.64,4.67,4.74,1107.0,0.10276165802001952,2026-01-23,12,4.654999999999999,0.10207507946963473,-0.0006865785503847865
697.0,4.11,4.14,4.1,2747.0,0.10083906982421875,2026-01-23,12,4.125,0.10046579989478838,-0.0003732699294303754
698.0,3.62,3.65,3.64,687.0,0.09906906799316406,2026-01-23,12,3.635,0.09900335770316863,-6.571028999542705e-05
699.0,3.16,3.19,3.16,955.0,0.09723803161621095,2026-01-23,12,3.175,0.09746772964741902,0.0002296980312080782
700.0,2.74,2.77,2.74,5999.0,0.09559009887695313,2026-01-23,12,2.755,0.09605396239245692,0.00046386351550378735
701.0,2.36,2.38,2.36,1141.0,0.09385061431884766,2026-01-23,12,2.37,0.09465397801063218,0.0008033636917845199
702.0,2.01,2.04,2.29,837.0,0.0924773370361328,2026-01-23,12,2.025,0.09338617623013078,0.000908839193997979
703.0,1.7,1.73,1.74,857.0,0.09107354248046876,2026-01-23,12,1.7149999999999999,0.09215566633200431,0.0010821238515355547
704.0,1.43,1.45,1.5,885.0,0.08960871337890625,2026-01-23,12,1.44,0.09098841696530297,0.0013797035863967189
705.0,1.19,1.21,1.2,2725.0,0.08838802246093751,2026-01-23,12,1.2,0.0899292238847972,0.0015412014238596894
706.0,0.98,1.0,0.99,990.0,0.08716733154296877,2026-01-23,12,0.99,0.088892292691637,0.0017249611486682276
707.0,0.8,0.82,0.81,978.0,0.08612974426269533,2026-01-23,12,0.81,0.08794172492564026,0.0018119806629449259
708.0,0.65,0.67,0.67,484.0,0.08521422607421877,2026-01-23,12,0.66,0.08718042205215566,0.001966195977936888
709.0,0.53,0.54,0.63,327.0,0.08429870788574222,2026-01-23,12,0.535,0.0865494551667789,0.0022507472810366774
710.0,0.42,0.44,0.43,1260.0,0.08387146606445314,2026-01-23,12,0.43,0.08595563879504656,0.0020841727305934143
711.0,0.34,0.35,0.35,231.0,0.0831390515136719,2026-01-23,12,0.345,0.08553301143676119,0.0023939599230892866
712.0,0.27,0.28,0.28,165.0,0.08265077514648439,2026-01-23,12,0.275,0.08516186360693247,0.002511088460448077
713.0,0.22,0.23,0.25,295.0,0.08277284423828127,2026-01-23,12,0.225,0.08539446774572797,0.0026216235074466993
714.0,0.18,0.19,0.21,156.0,0.08301698242187502,2026-01-23,12,0.185,0.08577941871609816,0.002762436294223139
715.0,0.15,0.16,0.16,375.0,0.08374939697265626,2026-01-23,12,0.155,0.08650702880922928,0.0027576318365730157
716.0,0.12,0.13,0.13,22.0,0.08374939697265626,2026-01-23,12,0.125,0.0866848925275456,0.002935495554889339
717.0,0.1,0.11,0.14,27.0,0.08448181152343752,2026-01-23,12,0.10500000000000001,0.08749832250168534,0.003016510978247816
718.0,0.09,0.1,0.12,228.0,0.08643491699218751,2026-01-23,12,0.095,0.08933971043078225,0.0029047934385947327
720.0,0.07,0.08,0.07,362.0,0.08912043701171876,2026-01-23,12,0.07500000000000001,0.0923992246316383,0.0032787876199195376
725.0,0.04,0.05,0.05,178.0,0.0971769970703125,2026-01-23,12,0.045,0.10051352082982615,0.0033365237595136404
730.0,0.03,0.04,0.04,69.0,0.10743080078125,2026-01-23,12,0.035,0.11117373789660992,0.003742937115359918
740.0,0.03,0.04,0.04,42.0,0.131844619140625,2026-01-23,12,0.035,0.13788958756426092,0.006044968423635916
745.0,0.02,0.03,0.03,14.0,0.139657041015625,2026-01-23,12,0.025,0.1454739798000364,0.005816938784411391
750.0,0.02,0.03,0.02,23.0,0.15137567382812503,2026-01-23,12,0.025,0.15790005958275435,0.006524385754629325
770.0,0.01,0.02,0.01,125.0,0.18946123046875002,2026-01-23,12,0.015,0.19609167977229217,0.006630449303542146
780.0,0.01,0.02,0.02,79.0,0.20899228515624996,2026-01-23,12,0.015,0.21828882968275964,0.009296544526509687
785.0,0.01,0.02,0.01,20.0,0.22071091796874998,2026-01-23,12,0.015,0.22920116920008987,0.008490251231339896
790.0,0.01,0.02,0.01,25.0,0.2304764453125,2026-01-23,12,0.015,0.2399959944181777,0.009519549105677705
495.0,198.7,201.5,188.33,21.0,0.7280300634765625,2026-01-30,19,200.1,,
580.0,115.16,115.58,115.96,266.0,0.45898978515625005,2026-01-30,19,115.37,0.29284477614464405,-0.166145009011606
585.0,109.04,111.83,110.99,41.0,0.5050098327636718,2026-01-30,19,110.435,0.30655106390588943,-0.1984587688577824
591.0,99.45,102.81,74.82,48.0,1.0000000000000003e-05,2026-01-30,19,101.13,,
594.0,101.25,101.66,101.85,125.0,0.41345801391601555,2026-01-30,19,101.455,0.2824619890088095,-0.13099602490720608
600.0,95.29,95.7,96.5,21.0,0.3940490283203125,2026-01-30,19,95.495,0.27449509636468283,-0.11955393195562969
605.0,90.32,90.73,88.36,26.0,0.3776917700195312,2026-01-30,19,90.525,0.26565641225526815,-0.11203535776426304
617.0,77.26,80.06,76.69,11.0,0.3880676428222656,2026-01-30,19,78.66,0.25177834574988556,-0.13628929707238002
623.0,67.58,70.89,49.63,45.0,1.0000000000000003e-05,2026-01-30,19,69.235,,
630.0,65.57,65.95,65.83,49.0,0.2966378930664062,2026-01-30,19,65.75999999999999,0.22239602354504465,-0.07424186952136155
640.0,55.71,56.11,56.42,109.0,0.2652661364746094,2026-01-30,19,55.91,0.2037946768596693,-0.061471459614940105
645.0,50.85,51.27,52.09,505.0,0.2515943981933594,2026-01-30,19,51.06,0.19793440938135184,-0.053659988812007536
650.0,46.0,46.42,47.04,38.0,0.2368240380859375,2026-01-30,19,46.21,0.18965439968137177,-0.04716963840456573
651.0,43.86,46.64,41.29,16.0,0.2665783792114258,2026-01-30,19,45.25,0.18829933149403286,-0.07827904771739294
660.0,36.43,36.86,37.37,23.0,0.2085650433349609,2026-01-30,19,36.644999999999996,0.17318562683516173,-0.03537941649979917
663.0,33.54,33.96,34.68,404.0,0.19837227416992187,2026-01-30,19,33.75,0.16557139046606795,-0.03280088370385392
664.0,32.68,33.02,33.28,33.0,0.19556468505859376,2026-01-30,19,32.85,0.16518712920440667,-0.030377555854187083
665.0,30.58,33.33,32.04,17.0,0.22064988342285152,2026-01-30,19,31.955,0.1647517625529147,-0.05589812086993681
667.0,28.74,31.53,31.34,57.0,0.21549246429443358,2026-01-30,19,30.134999999999998,0.16233816903653087,-0.05315429525790272
670.0,25.99,28.75,28.14,244.0,0.20557435058593748,2026-01-30,19,27.369999999999997,0.15660555910451682,-0.048968791481420665
675.0,21.56,24.31,23.33,78.0,0.19132278411865233,2026-01-30,19,22.935,0.14888143379687444,-0.0424413503217779
679.0,19.24,19.8,20.66,77.0,0.16138533935546873,2026-01-30,19,19.52,0.14276103078723748,-0.018624308568231246
680.0,18.4,18.95,19.39,404.0,0.1587913711547852,2026-01-30,19,18.674999999999997,0.1409592216732456,-0.017832149481539605
681.0,17.57,18.28,18.91,42.0,0.1591575784301758,2026-01-30,19,17.925,0.14086895491505824,-0.018288623515117564
682.0,16.76,17.32,17.93,48.0,0.15436636657714847,2026-01-30,19,17.04,0.13788141907817883,-0.016484947498969643
683.0,15.95,16.51,16.3,21.0,0.1519860192871094,2026-01-30,19,16.23,0.1361771907231473,-0.015808828563962096
684.0,14.05,16.78,16.5,72.0,0.1671225866699219,2026-01-30,19,15.415000000000001,0.13417213732847844,-0.03295044934144348
685.0,14.37,14.93,14.67,926.0,0.1474389456176758,2026-01-30,19,14.649999999999999,0.13287153600689647,-0.01456740961077932
686.0,13.61,14.13,13.98,70.0,0.1447229083251953,2026-01-30,19,13.870000000000001,0.13106382456182117,-0.01365908376337413
687.0,12.85,13.38,13.81,94.0,0.14261721649169923,2026-01-30,19,13.115,0.12946321182283432,-0.013154004668864905
688.0,12.11,12.69,12.45,234.0,0.1412744564819336,2026-01-30,19,12.399999999999999,0.12830096631349847,-0.012973490168435131
689.0,11.38,11.9,12.62,292.0,0.13813117736816405,2026-01-30,19,11.64,0.12611475061255098,-0.012016426755613069
690.0,10.65,11.07,10.91,1626.0,0.13416393188476564,2026-01-30,19,10.86,0.12335195181744524,-0.010811980067320398
691.0,9.98,10.51,10.29,397.0,0.13413341461181644,2026-01-30,19,10.245000000000001,0.12304131540435297,-0.011092099207463471
692.0,9.3,9.67,9.56,1059.0,0.1295863409423828,2026-01-30,19,9.485,0.1200735736358564,-0.009512767306526407
693.0,8.65,9.18,8.93,491.0,0.1300746173095703,2026-01-30,19,8.915,0.11987665405843255,-0.01019796325113774
694.0,8.25,8.28,8.27,538.0,0.12412374908447266,2026-01-30,19,8.265,0.11807899957305304,-0.006044749511419617
695.0,7.64,7.67,7.64,1706.0,0.12226219543457033,2026-01-30,19,7.654999999999999,0.1165971619127884,-0.005665033521781923
696.0,7.05,7.08,7.16,407.0,0.12037012451171875,2026-01-30,19,7.0649999999999995,0.1150982936131213,-0.005271830898597452
697.0,6.49,6.52,6.51,2026.0,0.1186611572265625,2026-01-30,19,6.505,0.11372844366554627,-0.004932713561016225
698.0,5.95,5.98,6.01,426.0,0.1168911553955078,2026-01-30,19,5.965,0.11231794694692203,-0.004573208448585775
699.0,5.44,5.47,5.43,809.0,0.11527373992919923,2026-01-30,19,5.455,0.1110161983070627,-0.004257541622136526
700.0,4.95,4.98,4.95,4013.0,0.11359528991699218,2026-01-30,19,4.965,0.10965424578552767,-0.003941044131464511
701.0,4.5,4.53,4.56,781.0,0.11219149536132811,2026-01-30,19,4.515000000000001,0.10855236114033236,-0.0036391342209957517
702.0,4.07,4.1,4.08,553.0,0.11075718353271484,2026-01-30,19,4.085,0.10738100307220146,-0.003376180460513384
703.0,3.66,3.69,3.99,568.0,0.10923131988525389,2026-01-30,19,3.675,0.10613173946737933,-0.003099580417874559
704.0,3.29,3.31,3.36,1197.0,0.10782752532958985,2026-01-30,19,3.3,0.10506292690063339,-0.0027645984289564607
705.0,2.94,2.97,2.95,1505.0,0.10669838623046876,2026-01-30,19,2.955,0.10409949652221832,-0.0025988897082504375
706.0,2.62,2.64,2.65,584.0,0.10535562622070313,2026-01-30,19,2.63,0.10306476335175896,-0.0022908628689441712
707.0,2.32,2.35,2.42,1759.0,0.10431803894042967,2026-01-30,19,2.335,0.10215585942667745,-0.0021621795137522215
708.0,2.05,2.07,2.1,557.0,0.1030668307495117,2026-01-30,19,2.0599999999999996,0.10118928804607544,-0.0018775427034362635
709.0,1.81,1.83,1.81,679.0,0.10218182983398436,2026-01-30,19,1.82,0.10050076366447368,-0.0016810661695106782
710.0,1.58,1.61,1.59,1451.0,0.10129682891845701,2026-01-30,19,1.5950000000000002,0.09968485112266118,-0.0016119777957958326
711.0,1.38,1.41,1.47,747.0,0.10044234527587889,2026-01-30,19,1.395,0.09898719197776229,-0.0014551532981166015
712.0,1.21,1.23,1.22,603.0,0.09961837890625,2026-01-30,19,1.22,0.09845587863040403,-0.001162500275845968
713.0,1.05,1.07,1.18,573.0,0.09888596435546876,2026-01-30,19,1.06,0.097866866250244,-0.0010190981052247555
714.0,0.91,0.93,0.92,686.0,0.09827561889648437,2026-01-30,19,0.92,0.0973925924199992,-0.0008830264764851659
715.0,0.79,0.8,0.8,1011.0,0.09754320434570313,2026-01-30,19,0.795,0.096927436918607,-0.0006157674270961255
716.0,0.68,0.7,0.74,232.0,0.09736010070800781,2026-01-30,19,0.69,0.09669585589427745,-0.0006642448137303553
717.0,0.59,0.6,0.62,228.0,0.09674975524902345,2026-01-30,19,0.595,0.09640093742025889,-0.00034881782876455825
718.0,0.51,0.52,0.52,448.0,0.09656665161132813,2026-01-30,19,0.515,0.09628678042303741,-0.00027987118829071733
719.0,0.44,0.45,0.55,563.0,0.09632251342773437,2026-01-30,19,0.445,0.09620986530033188,-0.00011264812740249819
720.0,0.38,0.39,0.39,1104.0,0.09626147888183595,2026-01-30,19,0.385,0.0962264005955581,-3.5078286277842596e-05
721.0,0.33,0.34,0.34,82.0,0.09632251342773437,2026-01-30,19,0.335,0.09641171339333549,8.91999656011111e-05
722.0,0.29,0.3,0.35,395.0,0.09668872070312501,2026-01-30,19,0.295,0.09686320349112103,0.00017448278799601924
723.0,0.25,0.26,0.27,115.0,0.09681078979492189,2026-01-30,19,0.255,0.09699287003479172,0.00018208023986983346
724.0,0.22,0.23,0.27,133.0,0.0971769970703125,2026-01-30,19,0.225,0.09752336009653799,0.00034636302622548243
725.0,0.2,0.21,0.21,733.0,0.0981535498046875,2026-01-30,19,0.20500000000000002,0.09861555298532963,0.00046200318064212875
726.0,0.17,0.18,0.19,43.0,0.0981535498046875,2026-01-30,19,0.175,0.09859620125918153,0.000442651454494028
727.0,0.16,0.17,0.2,15.0,0.09961837890625,2026-01-30,19,0.165,0.10023394907176757,0.0006155701655175677
728.0,0.14,0.15,0.16,22.0,0.1001066552734375,2026-01-30,19,0.14500000000000002,0.10070059285946996,0.0005939375860324614
730.0,0.11,0.12,0.14,281.0,0.10132734619140624,2026-01-30,19,0.11499999999999999,0.1020674524373118,0.0007401062459055641
731.0,0.11,0.12,0.13,30.0,0.10376872802734374,2026-01-30,19,0.11499999999999999,0.10451294069877375,0.0007442126714300029
733.0,0.09,0.1,0.09,72.0,0.1054776953125,2026-01-30,19,0.095,0.10639708386574785,0.0009193885532478574
734.0,0.08,0.09,0.09,110.0,0.10621010986328125,2026-01-30,19,0.08499999999999999,0.10708849311829895,0.0008783832550176979
735.0,0.08,0.09,0.09,30.0,0.108407353515625,2026-01-30,19,0.08499999999999999,0.10941351991296916,0.0010061663973441604
737.0,0.07,0.08,0.07,99.0,0.11109287353515623,2026-01-30,19,0.07500000000000001,0.11213702031120466,0.0010441467760484296
738.0,0.06,0.07,0.07,22.0,0.11133701171874999,2026-01-30,19,0.065,0.11229363406533673,0.0009566223465867357
739.0,0.06,0.07,0.07,102.0,0.1132901171875,2026-01-30,19,0.065,0.11451993105839604,0.001229813870896046
740.0,0.06,0.07,0.06,12.0,0.11548736083984376,2026-01-30,19,0.065,0.11673790008969166,0.0012505392498479012
743.0,0.05,0.06,0.06,21.0,0.11963770996093749,2026-01-30,19,0.055,0.12081687552605865,0.0011791655651211541
745.0,0.05,0.06,0.05,13.0,0.1235439208984375,2026-01-30,19,0.055,0.12511167940838494,0.001567758509947434
746.0,0.05,0.06,0.04,18.0,0.12549702636718751,2026-01-30,19,0.055,0.12724820668963346,0.00175118032244595
750.0,0.04,0.05,0.05,66.0,0.13086806640624998,2026-01-30,19,0.045,0.13257459879563285,0.0017065323893828699
765.0,0.03,0.04,0.03,181.0,0.1562584375,2026-01-30,19,0.035,0.15853427934148082,0.0022758418414808024
770.0,0.03,0.04,0.03,126.0,0.165047412109375,2026-01-30,19,0.035,0.16815593059816858,0.0031085184887935657
780.0,0.02,0.03,0.03,25.0,0.17774259765625,2026-01-30,19,0.025,0.18085480261480114,0.0031122049585511347
785.0,0.02,0.03,0.03,150.0,0.186531572265625,2026-01-30,19,0.025,0.18988171790861635,0.0033501456429913534
795.0,0.02,0.03,0.03,50.0,0.20410952148437497,2026-01-30,19,0.025,0.2076392459344288,0.0035297244500538394
